{
    "accuracy": 0.9311594202898551,
    "precision": 0.7636363636363637,
    "recall": 0.6268656716417911
}
